{
  "DailyTransactions": [
    {
      "Record": {
        "TransactionId": "1",
        "AccountNumber": "1234567801",
        "Amount": "3.75"
      }
    },
    {
      "Record": {
        "TransactionId": "2",
        "AccountNumber": "1234567802",
        "Amount": "3.75"
      }
    },
    {
      "Record": {
        "TransactionId": "3",
        "AccountNumber": "1234567803",
        "Amount": "3.75"
      }
    } ,
    {
      "Record": {
        "TransactionId": "4",
        "AccountNumber": "1234567804",
        "Amount": "3.95"
      }
    },
    {
      "Record": {
        "TransactionId": "5",
        "AccountNumber": "1234567805",
        "Amount": "10.05"
      }
    },
    {
      "Record": {
        "TransactionId": "6",
        "AccountNumber": "1234567806",
        "Amount": "2.50"
      }
    },
    {
      "Record": {
        "TransactionId": "7",
        "AccountNumber": "1234567807",
        "Amount": "7.77"
      }
    },
    {
      "Record": {
        "TransactionId": "8",
        "AccountNumber": "1234567808",
        "Amount": "6.95"
      }
    },
    {
      "Record": {
        "TransactionId": "9",
        "AccountNumber": "1234567809",
        "Amount": "12.25"
      }
    },
    {
      "Record": {
        "TransactionId": "10",
        "AccountNumber": "1234567810",
        "Amount": "1.75"
      }
    }
  ]
}